{
    "brown": {
        "Number of Texts": 500,
        "Texts with dups": 36,
        "Max dups per text": 0.2545454545454545,
        "Avg dups per text": 0.0030237547818360295,
        "Number of sentences": 54852,
        "Avg dups per corpus": 0.005815649383796397
    },
    "gutenberg": {
        "Number of Texts": 18,
        "Texts with dups": 18,
        "Max dups per text": 0.04513241327862738,
        "Avg dups per text": 0.0123168655068267,
        "Number of sentences": 90579,
        "Avg dups per corpus": 0.011669371487872464
    },
    "movie_reviews": {
        "Number of Texts": 2000,
        "Texts with dups": 21,
        "Max dups per text": 0.746268656716418,
        "Avg dups per text": 0.0009424447151714305,
        "Number of sentences": 65161,
        "Avg dups per corpus": 0.018201071192891452
    },
    "webtext": {
        "Number of Texts": 6,
        "Texts with dups": 5,
        "Max dups per text": 0.09791216702663787,
        "Avg dups per text": 0.029573181660802292,
        "Number of sentences": 23360,
        "Avg dups per corpus": 0.029751712328767124
    },
    "inaugural": {
        "Number of Texts": 60,
        "Texts with dups": 2,
        "Max dups per text": 0.021739130434782608,
        "Avg dups per text": 0.0006748188405797101,
        "Number of sentences": 5353,
        "Avg dups per corpus": 0.0018681113394358303
    },
    "state_union": {
        "Number of Texts": 65,
        "Texts with dups": 9,
        "Max dups per text": 0.024822695035460994,
        "Avg dups per text": 0.0019335657419630554,
        "Number of sentences": 17370,
        "Avg dups per corpus": 0.010592976396085205
    },
    "bnc": {
        "Number of Texts": 4049,
        "Texts with dups": 2613,
        "Max dups per text": 0.7317397078353254,
        "Avg dups per text": 0.016458383156721188,
        "Number of sentences": 5429986,
        "Avg dups per corpus": 0.05372592120863663
    },
    "childes": {
        "Number of Texts": 7167,
        "Texts with dups": 4996,
        "Max dups per text": 1.0,
        "Avg dups per text": 0.07915059923841168,
        "Number of sentences": 1282614,
        "Avg dups per corpus": 0.28422892623969487
    },
    "Totals": {
        "Number of Texts": 13865,
        "Texts with dups": 7700,
        "Max dups per text": 1.0,
        "Avg dups per text": 0.01800920170528901,
        "Number of sentences": 6969275,
        "Avg dups per corpus": 0.09666113046192036
    }
}